Program Title,Award Level,Code,Faculty,url
Accounting/Business Info Tech,Masters Degree (Coursework),8426,UNSW Business School,http://legacy.handbook.unsw.edu.au/postgraduate/programs/2017/8426.html
Actuarial Studies,Masters Degree (Coursework),8411,UNSW Business School,http://legacy.handbook.unsw.edu.au/postgraduate/programs/2017/8411.html
Actuarial Studies (Extension),Masters Degree (Coursework),8416,UNSW Business School,http://legacy.handbook.unsw.edu.au/postgraduate/programs/2017/8416.html
Advanced Flying,Graduate Diploma,5545,Faculty of Science,http://legacy.handbook.unsw.edu.au/postgraduate/programs/2017/5545.html
Applied Linguistics,Masters Degree (Coursework),8236,Faculty of Arts&Social Science,http://legacy.handbook.unsw.edu.au/postgraduate/programs/2017/8236.html
Applied Taxation,Masters Degree (Coursework),9260,UNSW Business School,http://legacy.handbook.unsw.edu.au/postgraduate/programs/2017/9260.html
Architecture,Masters Degree (Coursework),8143,Faculty of Built Environment,http://legacy.handbook.unsw.edu.au/postgraduate/programs/2017/8143.html
Art,Graduate Certificate,7307,Faculty of Art & Design,http://legacy.handbook.unsw.edu.au/postgraduate/programs/2017/7307.html
Art,Masters Degree (Coursework),9314,Faculty of Art & Design,http://legacy.handbook.unsw.edu.au/postgraduate/programs/2017/9314.html
Art,Graduate Diploma,5307,Faculty of Art & Design,http://legacy.handbook.unsw.edu.au/postgraduate/programs/2017/5307.html
Arts,Masters Degree (Coursework),8175,UNSW Canberra at ADFA,http://legacy.handbook.unsw.edu.au/postgraduate/programs/2017/8175.html
Arts (Research),Graduate Diploma,5275,Faculty of Arts&Social Science,http://legacy.handbook.unsw.edu.au/postgraduate/programs/2017/5275.html
Aviation (Flying),Graduate Diploma,5536,Faculty of Science,http://legacy.handbook.unsw.edu.au/postgraduate/programs/2017/5536.html
Aviation Management,Masters Degree (Coursework),8741,Faculty of Science,http://legacy.handbook.unsw.edu.au/postgraduate/programs/2017/8741.html
Aviation Management,Graduate Diploma,5741,Faculty of Science,http://legacy.handbook.unsw.edu.au/postgraduate/programs/2017/5741.html
Biomedical Engineering,Masters Degree (Coursework),8660,Faculty of Engineering,http://legacy.handbook.unsw.edu.au/postgraduate/programs/2017/8660.html
Built Environment,Graduate Certificate,7131,Faculty of Built Environment,http://legacy.handbook.unsw.edu.au/postgraduate/programs/2017/7131.html
Business,Masters Degree (Coursework),8388,UNSW Canberra at ADFA,http://legacy.handbook.unsw.edu.au/postgraduate/programs/2017/8388.html
Business Administration,Masters Degree (Coursework),8350,UNSW Business School,http://legacy.handbook.unsw.edu.au/postgraduate/programs/2017/8350.html
Business Administration (Exec),Masters Degree (Coursework),8355,UNSW Business School,http://legacy.handbook.unsw.edu.au/postgraduate/programs/2017/8355.html
Business Administration (Specialised),Masters Degree (Coursework),8625,UNSW Business School,http://legacy.handbook.unsw.edu.au/postgraduate/programs/2017/8625.html
Business and Technology,Graduate Certificate,7333,UNSW Business School,http://legacy.handbook.unsw.edu.au/postgraduate/programs/2017/8616.html
Business and Technology,Masters Degree (Coursework),8616,UNSW Business School,http://legacy.handbook.unsw.edu.au/postgraduate/programs/2017/8616.html
Business and Technology,Graduate Diploma,5457,UNSW Business School,http://legacy.handbook.unsw.edu.au/postgraduate/programs/2017/5457.html
Business Law,Masters Degree (Coursework),9231,Faculty of Law,http://legacy.handbook.unsw.edu.au/postgraduate/programs/2017/9231.html
Business Law,Graduate Diploma,5231,Faculty of Law,http://legacy.handbook.unsw.edu.au/postgraduate/programs/2017/5231.html
Capability Management,Masters Degree (Coursework),8399,UNSW Canberra at ADFA,http://legacy.handbook.unsw.edu.au/postgraduate/programs/2017/8399.html
Change Management,Graduate Certificate,7315,UNSW Business School,http://legacy.handbook.unsw.edu.au/postgraduate/programs/2017/7315.html
City Analytics,Graduate Certificate,7451,Faculty of Built Environment,http://legacy.handbook.unsw.edu.au/postgraduate/programs/2017/7451.html
City Analytics,Masters Degree (Coursework),8151,Faculty of Built Environment,http://legacy.handbook.unsw.edu.au/postgraduate/programs/2017/8151.html
City Analytics,Graduate Diploma,5151,Faculty of Built Environment,http://legacy.handbook.unsw.edu.au/postgraduate/programs/2017/5151.html
City Analytics (Extension),Masters Degree (Coursework),8152,Faculty of Built Environment,http://legacy.handbook.unsw.edu.au/postgraduate/programs/2017/8152.html
City Planning,Masters Degree (Coursework),8148,Faculty of Built Environment,http://legacy.handbook.unsw.edu.au/postgraduate/programs/2017/8148.html
City Planning,Graduate Diploma,5148,Faculty of Built Environment,http://legacy.handbook.unsw.edu.au/postgraduate/programs/2017/5148.html
City Planning,Graduate Certificate,7148,Faculty of Built Environment,http://legacy.handbook.unsw.edu.au/postgraduate/programs/2017/7148.html
Clinical Optometry,Masters Degree (Coursework),8095,Faculty of Science,http://legacy.handbook.unsw.edu.au/postgraduate/programs/2017/8095.html
Combined Arts/Social Sciences,Masters Degree (Coursework),8224,Faculty of Arts&Social Science,http://legacy.handbook.unsw.edu.au/postgraduate/programs/2017/8224.html
Commerce,Graduate Certificate,7355,UNSW Business School,http://legacy.handbook.unsw.edu.au/postgraduate/programs/2017/7355.html
Commerce,Masters Degree (Coursework),8404,UNSW Business School,http://legacy.handbook.unsw.edu.au/postgraduate/programs/2017/8404.html
Commerce (Extension),Masters Degree (Coursework),8417,UNSW Business School,http://legacy.handbook.unsw.edu.au/postgraduate/programs/2017/8417.html
Computing,Graduate Certificate,7543,Faculty of Engineering,http://legacy.handbook.unsw.edu.au/postgraduate/programs/2017/7543.html
Construction Project Mgmt,Masters Degree (Coursework),8121,Faculty of Built Environment,http://legacy.handbook.unsw.edu.au/postgraduate/programs/2017/8121.html
Construction Project Mgmt,Graduate Certificate,7123,Faculty of Built Environment,http://legacy.handbook.unsw.edu.au/postgraduate/programs/2017/7123.html
Construction Project Mgmt,Masters Degree (Coursework),8123,Faculty of Built Environment,http://legacy.handbook.unsw.edu.au/postgraduate/programs/2017/8123.html
Counselling Social Work,Masters Degree (Coursework),8930,Faculty of Arts&Social Science,http://legacy.handbook.unsw.edu.au/postgraduate/programs/2017/8930.html
Criminal Justice & Criminology,Masters Degree (Coursework),9285,Faculty of Law,http://legacy.handbook.unsw.edu.au/postgraduate/programs/2017/9285.html
Criminal Justice & Criminology,Graduate Diploma,5285,Faculty of Law,http://legacy.handbook.unsw.edu.au/postgraduate/programs/2017/5285.html
Cultural Leadership,Graduate Diploma,5312,Faculty of Art & Design,http://legacy.handbook.unsw.edu.au/postgraduate/programs/2017/5312.html
Cultural Leadership,Graduate Certificate,7318,Faculty of Art & Design,http://legacy.handbook.unsw.edu.au/postgraduate/programs/2017/7318.html
Curating & Cultural Leadership,Masters Degree (Coursework),9318,Faculty of Art & Design,http://legacy.handbook.unsw.edu.au/postgraduate/programs/2017/9318.html
"Cyber Sec, Strat & Diplomacy",Masters Degree (Coursework),8631,UNSW Canberra at ADFA,http://legacy.handbook.unsw.edu.au/postgraduate/programs/2017/8631.html
Cyber Security,Masters Degree (Coursework),8628,UNSW Canberra at ADFA,http://legacy.handbook.unsw.edu.au/postgraduate/programs/2017/8628.html
Cyber Security Operations,Masters Degree (Coursework),8629,UNSW Canberra at ADFA,http://legacy.handbook.unsw.edu.au/postgraduate/programs/2017/8629.html
Design,Graduate Certificate,7306,Faculty of Art & Design,http://legacy.handbook.unsw.edu.au/postgraduate/programs/2017/7306.html
Design,Graduate Diploma,5306,Faculty of Art & Design,http://legacy.handbook.unsw.edu.au/postgraduate/programs/2017/5306.html
Design,Masters Degree (Coursework),9313,Faculty of Art & Design,http://legacy.handbook.unsw.edu.au/postgraduate/programs/2017/9313.html
Development Studies,Masters Degree (Coursework),8942,Faculty of Arts&Social Science,http://legacy.handbook.unsw.edu.au/postgraduate/programs/2017/8942.html
Dispute Resolution,Masters Degree (Coursework),9235,Faculty of Law,http://legacy.handbook.unsw.edu.au/postgraduate/programs/2017/9235.html
Dispute Resolution,Graduate Diploma,5235,Faculty of Law,http://legacy.handbook.unsw.edu.au/postgraduate/programs/2017/5235.html
Economics,Graduate Certificate,7412,UNSW Business School,http://legacy.handbook.unsw.edu.au/postgraduate/programs/2017/7412.html
Economics,Masters Degree (Coursework),8412,UNSW Business School,http://legacy.handbook.unsw.edu.au/postgraduate/programs/2017/8412.html
Education,Masters Degree (Coursework),8910,Faculty of Arts&Social Science,http://legacy.handbook.unsw.edu.au/postgraduate/programs/2017/8910.html
Education,Graduate Certificate,7401,Faculty of Arts&Social Science,http://legacy.handbook.unsw.edu.au/postgraduate/programs/2017/7401.html
Educational Leadership,Graduate Certificate,7960,Faculty of Arts&Social Science,http://legacy.handbook.unsw.edu.au/postgraduate/programs/2017/7960.html
Educational Leadership,Masters Degree (Coursework),8960,Faculty of Arts&Social Science,http://legacy.handbook.unsw.edu.au/postgraduate/programs/2017/8960.html
Engineering,Masters Degree (Coursework),8621,Faculty of Engineering,http://legacy.handbook.unsw.edu.au/postgraduate/programs/2017/8621.html
Engineering (Biomedical Eng),Graduate Diploma,5449,Faculty of Engineering,http://legacy.handbook.unsw.edu.au/postgraduate/programs/2017/5449.html
Engineering Science,Masters Degree (Coursework),8569,UNSW Canberra at ADFA,http://legacy.handbook.unsw.edu.au/postgraduate/programs/2017/8569.html
Engineering Science,Masters Degree (Coursework),8338,Faculty of Engineering,http://legacy.handbook.unsw.edu.au/postgraduate/programs/2017/8338.html
Engineering Science,Graduate Certificate,7320,Faculty of Engineering,http://legacy.handbook.unsw.edu.au/postgraduate/programs/2017/7320.html
Engineering Science,Graduate Diploma,5341,Faculty of Engineering,http://legacy.handbook.unsw.edu.au/postgraduate/programs/2017/5341.html
Environmental Law and Policy,Graduate Diploma,5212,Faculty of Law,http://legacy.handbook.unsw.edu.au/postgraduate/programs/2017/5212.html
Environmental Law and Policy,Masters Degree (Coursework),9212,Faculty of Law,http://legacy.handbook.unsw.edu.au/postgraduate/programs/2017/9212.html
Environmental Management,Masters Degree (Coursework),8623,Faculty of Arts&Social Science,http://legacy.handbook.unsw.edu.au/postgraduate/programs/2017/8623.html
Environmental Management,Graduate Certificate,7339,Faculty of Arts&Social Science,http://legacy.handbook.unsw.edu.au/postgraduate/programs/2017/7339.html
Environmental Management,Graduate Diploma,5499,Faculty of Arts&Social Science,http://legacy.handbook.unsw.edu.au/postgraduate/programs/2017/5499.html
Finance,Masters Degree (Coursework),8406,UNSW Business School,http://legacy.handbook.unsw.edu.au/postgraduate/programs/2017/8406.html
Financial Analysis,Masters Degree (Coursework),8413,UNSW Business School,http://legacy.handbook.unsw.edu.au/postgraduate/programs/2017/8413.html
Financial Mathematics,Masters Degree (Coursework),8161,Faculty of Science,http://legacy.handbook.unsw.edu.au/postgraduate/programs/2017/8161.html
Financial Planning,Graduate Diploma,5273,UNSW Business School,http://legacy.handbook.unsw.edu.au/postgraduate/programs/2017/5273.html
Financial Planning,Graduate Certificate,7273,UNSW Business School,http://legacy.handbook.unsw.edu.au/postgraduate/programs/2017/7273.html
Financial Planning,Masters Degree (Coursework),9273,UNSW Business School,http://legacy.handbook.unsw.edu.au/postgraduate/programs/2017/9273.html
Food Science,Masters Degree (Coursework),8037,Faculty of Engineering,http://legacy.handbook.unsw.edu.au/postgraduate/programs/2017/8037.html
Food Science,Graduate Diploma,5037,Faculty of Engineering,http://legacy.handbook.unsw.edu.au/postgraduate/programs/2017/5037.html
Forensic Mental Health,Graduate Diploma,5512,Faculty of Medicine,http://legacy.handbook.unsw.edu.au/postgraduate/programs/2017/5512.html
Forensic Mental Health,Masters Degree (Coursework),9012,Faculty of Medicine,http://legacy.handbook.unsw.edu.au/postgraduate/programs/2017/9012.html
Forensic Mental Health,Graduate Certificate,7312,Faculty of Medicine,http://legacy.handbook.unsw.edu.au/postgraduate/programs/2017/7312.html
Health Management,Graduate Certificate,7360,Faculty of Medicine,http://legacy.handbook.unsw.edu.au/postgraduate/programs/2017/7360.html
Health Management,Masters Degree (Coursework),8901,Faculty of Medicine,http://legacy.handbook.unsw.edu.au/postgraduate/programs/2017/8901.html
Health Management,Graduate Diploma,5509,Faculty of Medicine,http://legacy.handbook.unsw.edu.au/postgraduate/programs/2017/5509.html
Health Management (Extension),Masters Degree (Coursework),8902,Faculty of Medicine,http://legacy.handbook.unsw.edu.au/postgraduate/programs/2017/8902.html
Human Rights Law and Policy,Masters Degree (Coursework),9211,Faculty of Law,http://legacy.handbook.unsw.edu.au/postgraduate/programs/2017/9211.html
Human Rights Law and Policy,Graduate Diploma,5211,Faculty of Law,http://legacy.handbook.unsw.edu.au/postgraduate/programs/2017/5211.html
Indigenous Studies,Graduate Certificate,7223,DVC (E) Board of Studies,http://legacy.handbook.unsw.edu.au/postgraduate/programs/2017/7223.html
Indigenous Studies,Masters Degree (Coursework),8223,DVC (E) Board of Studies,http://legacy.handbook.unsw.edu.au/postgraduate/programs/2017/8223.html
Indigenous Studies,Graduate Diploma,5223,DVC (E) Board of Studies,http://legacy.handbook.unsw.edu.au/postgraduate/programs/2017/5223.html
Infect Diseases Intelligence,Graduate Certificate,7362,Faculty of Medicine,http://legacy.handbook.unsw.edu.au/postgraduate/programs/2017/7362.html
Infect Diseases Intelligence,Graduate Diploma,5362,Faculty of Medicine,http://legacy.handbook.unsw.edu.au/postgraduate/programs/2017/5362.html
Infect. Diseases Intelligence,Masters Degree (Coursework),8362,Faculty of Medicine,http://legacy.handbook.unsw.edu.au/postgraduate/programs/2017/8362.html
Information Systems Management,Masters Degree (Coursework),8435,UNSW Business School,http://legacy.handbook.unsw.edu.au/postgraduate/programs/2017/8435.html
Information Technology,Masters Degree (Coursework),8543,Faculty of Engineering,http://legacy.handbook.unsw.edu.au/postgraduate/programs/2017/8543.html
Information Technology,Graduate Diploma,5543,Faculty of Engineering,http://legacy.handbook.unsw.edu.au/postgraduate/programs/2017/5543.html
Information Technology,Masters Degree (Coursework),9380,UNSW Canberra at ADFA,http://legacy.handbook.unsw.edu.au/postgraduate/programs/2017/9380.html
Int Pub Health/Pub Health,Masters Degree (Coursework),9043,Faculty of Medicine,http://legacy.handbook.unsw.edu.au/postgraduate/programs/2017/9043.html
Int Pub Hlth/Hlth Mgmt,Masters Degree (Coursework),9044,Faculty of Medicine,http://legacy.handbook.unsw.edu.au/postgraduate/programs/2017/9044.html
Int'l Law & Int'l Relations,Masters Degree (Coursework),9240,Faculty of Law,http://legacy.handbook.unsw.edu.au/postgraduate/programs/2017/9240.html
Int'l Law & Int'l Relations,Graduate Diploma,5760,Faculty of Law,http://legacy.handbook.unsw.edu.au/postgraduate/programs/2017/5760.html
Int'l Public Health (Extn),Masters Degree (Coursework),9051,Faculty of Medicine,http://legacy.handbook.unsw.edu.au/postgraduate/programs/2017/9051.html
International Business,Masters Degree (Coursework),8371,UNSW Business School,http://legacy.handbook.unsw.edu.au/postgraduate/programs/2017/8371.html
International Business/Global,Masters Degree (Coursework),8370,UNSW Business School,http://legacy.handbook.unsw.edu.au/postgraduate/programs/2017/8370.html
International Law and Security,Masters Degree (Coursework),9281,Faculty of Law,http://legacy.handbook.unsw.edu.au/postgraduate/programs/2017/9281.html
International Law and Security,Graduate Diploma,5281,Faculty of Law,http://legacy.handbook.unsw.edu.au/postgraduate/programs/2017/5281.html
International Public Health,Masters Degree (Coursework),9048,Faculty of Medicine,http://legacy.handbook.unsw.edu.au/postgraduate/programs/2017/9048.html
International Public Health,Graduate Certificate,7367,Faculty of Medicine,http://legacy.handbook.unsw.edu.au/postgraduate/programs/2017/7367.html
International Public Health,Graduate Diploma,5567,Faculty of Medicine,http://legacy.handbook.unsw.edu.au/postgraduate/programs/2017/5567.html
International Relations,Masters Degree (Coursework),8233,Faculty of Arts&Social Science,http://legacy.handbook.unsw.edu.au/postgraduate/programs/2017/8233.html
Interpreting,Masters Degree (Coursework),8202,Faculty of Arts&Social Science,http://legacy.handbook.unsw.edu.au/postgraduate/programs/2017/8202.html
Intl Pub Hlth(Extn)/Hlth Mngmt,Masters Degree (Coursework),9053,Faculty of Medicine,http://legacy.handbook.unsw.edu.au/postgraduate/programs/2017/9053.html
Intl Pub Hlth/Hlth Mngmt(Extn),Masters Degree (Coursework),9058,Faculty of Medicine,http://legacy.handbook.unsw.edu.au/postgraduate/programs/2017/9058.html
IntlPubHlth (Extn) / PubHlth,Masters Degree (Coursework),9052,Faculty of Medicine,http://legacy.handbook.unsw.edu.au/postgraduate/programs/2017/9052.html
IntlPubHlth/PubHlth(Extn),Masters Degree (Coursework),9054,Faculty of Medicine,http://legacy.handbook.unsw.edu.au/postgraduate/programs/2017/9054.html
Journalism and Communication,Masters Degree (Coursework),8232,Faculty of Arts&Social Science,http://legacy.handbook.unsw.edu.au/postgraduate/programs/2017/8232.html
Juris Doctor,Masters Degree (Coursework),9150,Faculty of Law,http://legacy.handbook.unsw.edu.au/postgraduate/programs/2017/9150.html
Landscape Architecture,Masters Degree (Coursework),8136,Faculty of Built Environment,http://legacy.handbook.unsw.edu.au/postgraduate/programs/2017/8136.html
Law,Masters Degree (Coursework),9200,Faculty of Law,http://legacy.handbook.unsw.edu.au/postgraduate/programs/2017/9200.html
Law,Graduate Diploma,5740,Faculty of Law,http://legacy.handbook.unsw.edu.au/postgraduate/programs/2017/5740.html
"Law, Media & Journalism",Masters Degree (Coursework),9214,Faculty of Law,http://legacy.handbook.unsw.edu.au/postgraduate/programs/2017/9214.html
"Law, Media & Journalism",Graduate Diploma,5214,Faculty of Law,http://legacy.handbook.unsw.edu.au/postgraduate/programs/2017/5214.html
Logistics Management,Masters Degree (Coursework),8564,UNSW Canberra at ADFA,http://legacy.handbook.unsw.edu.au/postgraduate/programs/2017/8564.html
Management,Graduate Diploma,5950,UNSW Business School,http://legacy.handbook.unsw.edu.au/postgraduate/programs/2017/5950.html
Management - HK,Graduate Diploma,5945,UNSW Business School,http://legacy.handbook.unsw.edu.au/postgraduate/programs/2017/5945.html
Marine Science and Management,Masters Degree (Coursework),8271,Faculty of Science,http://legacy.handbook.unsw.edu.au/postgraduate/programs/2017/8271.html
Marketing,Masters Degree (Coursework),8423,UNSW Business School,http://legacy.handbook.unsw.edu.au/postgraduate/programs/2017/8423.html
Marketing,Graduate Certificate,7414,UNSW Business School,http://legacy.handbook.unsw.edu.au/postgraduate/programs/2017/7414.html
Materials Technology,Masters Degree (Coursework),8717,Faculty of Science,http://legacy.handbook.unsw.edu.au/postgraduate/programs/2017/8717.html
Mathematics,Masters Degree (Coursework),8719,Faculty of Science,http://legacy.handbook.unsw.edu.au/postgraduate/programs/2017/8719.html
Mathematics and Statistics,Graduate Diploma,5659,Faculty of Science,http://legacy.handbook.unsw.edu.au/postgraduate/programs/2017/5659.html
Mathematics and Statistics,Graduate Certificate,7659,Faculty of Science,http://legacy.handbook.unsw.edu.au/postgraduate/programs/2017/7659.html
Mine Geotechnical Engineering,Graduate Diploma,5059,Faculty of Engineering,http://legacy.handbook.unsw.edu.au/postgraduate/programs/2017/5059.html
Mine Geotechnical Engineering,Masters Degree (Coursework),8059,Faculty of Engineering,http://legacy.handbook.unsw.edu.au/postgraduate/programs/2017/8059.html
Mine Ventilation,Graduate Diploma,5046,Faculty of Engineering,http://legacy.handbook.unsw.edu.au/postgraduate/programs/2017/5046.html
Mining Engineering,Graduate Diploma,5335,Faculty of Engineering,http://legacy.handbook.unsw.edu.au/postgraduate/programs/2017/5335.html
Mining Engineering,Graduate Certificate,7335,Faculty of Engineering,http://legacy.handbook.unsw.edu.au/postgraduate/programs/2017/7335.html
Mining Engineering,Masters Degree (Coursework),8335,Faculty of Engineering,http://legacy.handbook.unsw.edu.au/postgraduate/programs/2017/8335.html
Ocular Therapeutics,Graduate Certificate,7436,Faculty of Science,http://legacy.handbook.unsw.edu.au/postgraduate/programs/2017/7436.html
Optometry and Vision Science,Masters Degree (Coursework),8073,Faculty of Science,http://legacy.handbook.unsw.edu.au/postgraduate/programs/2017/8073.html
Petroleum Engineering,Graduate Certificate,7343,Faculty of Engineering,http://legacy.handbook.unsw.edu.au/postgraduate/programs/2017/7343.html
Pharmaceutical Medicine,Masters Degree (Coursework),9060,Faculty of Medicine,http://legacy.handbook.unsw.edu.au/postgraduate/programs/2017/9060.html
Pharmaceutical Medicine,Graduate Certificate,7370,Faculty of Medicine,http://legacy.handbook.unsw.edu.au/postgraduate/programs/2017/7370.html
Pharmaceutical Medicine,Masters Degree (Coursework),9370,Faculty of Medicine,http://legacy.handbook.unsw.edu.au/postgraduate/programs/2017/9370.html
Pharmaceutical Medicine,Graduate Diploma,5504,Faculty of Medicine,http://legacy.handbook.unsw.edu.au/postgraduate/programs/2017/5504.html
Pharmaceutical Medicine,Graduate Diploma,5371,Faculty of Medicine,http://legacy.handbook.unsw.edu.au/postgraduate/programs/2017/5371.html
Physics for Teachers,Graduate Certificate,7440,Faculty of Science,http://legacy.handbook.unsw.edu.au/postgraduate/programs/2017/7440.html
Planning,Graduate Certificate,7147,Faculty of Built Environment,http://legacy.handbook.unsw.edu.au/postgraduate/programs/2017/7147.html
Planning,Masters Degree (Coursework),8147,Faculty of Built Environment,http://legacy.handbook.unsw.edu.au/postgraduate/programs/2017/8147.html
PR and Advertising,Masters Degree (Coursework),8281,Faculty of Arts&Social Science,http://legacy.handbook.unsw.edu.au/postgraduate/programs/2017/8281.html
PR and Advertising/Design,Masters Degree (Coursework),8234,Faculty of Arts&Social Science,http://legacy.handbook.unsw.edu.au/postgraduate/programs/2017/8234.html
Professional Accounting,Masters Degree (Coursework),8409,UNSW Business School,http://legacy.handbook.unsw.edu.au/postgraduate/programs/2017/8409.html
Professional Accounting (Ext),Masters Degree (Coursework),8415,UNSW Business School,http://legacy.handbook.unsw.edu.au/postgraduate/programs/2017/8415.html
Project Management,Masters Degree (Coursework),8595,UNSW Canberra at ADFA,http://legacy.handbook.unsw.edu.au/postgraduate/programs/2017/8595.html
Property and Development,Masters Degree (Coursework),8127,Faculty of Built Environment,http://legacy.handbook.unsw.edu.au/postgraduate/programs/2017/8127.html
Property and Development,Graduate Certificate,7127,Faculty of Built Environment,http://legacy.handbook.unsw.edu.au/postgraduate/programs/2017/7127.html
Psychology (Clinical),Masters Degree (Coursework),8256,Faculty of Science,http://legacy.handbook.unsw.edu.au/postgraduate/programs/2017/8256.html
Psychology (Forensic),Masters Degree (Coursework),8257,Faculty of Science,http://legacy.handbook.unsw.edu.au/postgraduate/programs/2017/8257.html
Psychology (Organisational),Masters Degree (Coursework),8258,Faculty of Science,http://legacy.handbook.unsw.edu.au/postgraduate/programs/2017/8258.html
Pub Hlth/Hlth Management(Extn),Masters Degree (Coursework),9057,Faculty of Medicine,http://legacy.handbook.unsw.edu.au/postgraduate/programs/2017/9057.html
Publ Hlth (Extn)/Hlth Managmnt,Masters Degree (Coursework),9056,Faculty of Medicine,http://legacy.handbook.unsw.edu.au/postgraduate/programs/2017/9056.html
Public Health,Graduate Certificate,7368,Faculty of Medicine,http://legacy.handbook.unsw.edu.au/postgraduate/programs/2017/7368.html
Public Health,Graduate Diploma,5507,Faculty of Medicine,http://legacy.handbook.unsw.edu.au/postgraduate/programs/2017/5507.html
Public Health,Masters Degree (Coursework),9045,Faculty of Medicine,http://legacy.handbook.unsw.edu.au/postgraduate/programs/2017/9045.html
Public Health (Extn),Masters Degree (Coursework),9046,Faculty of Medicine,http://legacy.handbook.unsw.edu.au/postgraduate/programs/2017/9046.html
Public Health (International),Masters Degree (Coursework),9040,Faculty of Medicine,http://legacy.handbook.unsw.edu.au/postgraduate/programs/2017/9040.html
Public Health/HealthManagement,Masters Degree (Coursework),9047,Faculty of Medicine,http://legacy.handbook.unsw.edu.au/postgraduate/programs/2017/9047.html
Public Policy and Governance,Masters Degree (Coursework),8259,Faculty of Arts&Social Science,http://legacy.handbook.unsw.edu.au/postgraduate/programs/2017/8259.html
Reproductive Medicine,Masters Degree (Coursework),9065,Faculty of Medicine,http://legacy.handbook.unsw.edu.au/postgraduate/programs/2017/9065.html
Reproductive Medicine,Graduate Certificate,7379,Faculty of Medicine,http://legacy.handbook.unsw.edu.au/postgraduate/programs/2017/7379.html
Reproductive Medicine,Graduate Diploma,5508,Faculty of Medicine,http://legacy.handbook.unsw.edu.au/postgraduate/programs/2017/5508.html
Risk Management,Masters Degree (Coursework),8428,UNSW Business School,http://legacy.handbook.unsw.edu.au/postgraduate/programs/2017/8428.html
Science Grad Dip (Research),Graduate Diploma,5304,Faculty of Science,http://legacy.handbook.unsw.edu.au/postgraduate/programs/2017/5304.html
Security & Defence Management,Masters Degree (Coursework),8573,UNSW Canberra at ADFA,http://legacy.handbook.unsw.edu.au/postgraduate/programs/2017/8573.html
Social Impact,Graduate Certificate,7357,UNSW Business School,http://legacy.handbook.unsw.edu.au/postgraduate/programs/2017/7357.html
Space Engineering,Masters Degree (Coursework),8622,UNSW Canberra at ADFA,http://legacy.handbook.unsw.edu.au/postgraduate/programs/2017/8622.html
Space Operations,Masters Degree (Coursework),8624,UNSW Canberra at ADFA,http://legacy.handbook.unsw.edu.au/postgraduate/programs/2017/8624.html
Special Operations,Masters Degree (Coursework),8632,UNSW Canberra at ADFA,http://legacy.handbook.unsw.edu.au/postgraduate/programs/2017/8632.html
Statistics,Masters Degree (Coursework),8750,Faculty of Science,http://legacy.handbook.unsw.edu.au/postgraduate/programs/2017/8750.html
Strategic People Management,Masters Degree (Coursework),8563,UNSW Canberra at ADFA,http://legacy.handbook.unsw.edu.au/postgraduate/programs/2017/8563.html
Strategy and Security,Masters Degree (Coursework),8572,UNSW Canberra at ADFA,http://legacy.handbook.unsw.edu.au/postgraduate/programs/2017/8572.html
Sustainable Built Environment,Graduate Diploma,5132,Faculty of Built Environment,http://legacy.handbook.unsw.edu.au/postgraduate/programs/2017/5132.html
Sustainable Built Environment,Masters Degree (Coursework),8132,Faculty of Built Environment,http://legacy.handbook.unsw.edu.au/postgraduate/programs/2017/8132.html
Sustainable Built Environment,Graduate Certificate,7332,Faculty of Built Environment,http://legacy.handbook.unsw.edu.au/postgraduate/programs/2017/7332.html
Sustainment Management,Masters Degree (Coursework),8566,UNSW Canberra at ADFA,http://legacy.handbook.unsw.edu.au/postgraduate/programs/2017/8566.html
Systems Engineering,Masters Degree (Coursework),8567,UNSW Canberra at ADFA,http://legacy.handbook.unsw.edu.au/postgraduate/programs/2017/8567.html
Taxation,Graduate Certificate,7321,UNSW Business School,http://legacy.handbook.unsw.edu.au/postgraduate/programs/2017/7321.html
Taxation,Masters Degree (Coursework),9250,UNSW Business School,http://legacy.handbook.unsw.edu.au/postgraduate/programs/2017/9250.html
Teaching,Graduate Certificate,7327,Faculty of Arts&Social Science,http://legacy.handbook.unsw.edu.au/postgraduate/programs/2017/7327.html
Teaching (Secondary),Masters Degree (Coursework),8926,Faculty of Arts&Social Science,http://legacy.handbook.unsw.edu.au/postgraduate/programs/2017/8926.html
Technology and Innovation Mgmt,Masters Degree (Coursework),8009,UNSW Business School,http://legacy.handbook.unsw.edu.au/postgraduate/programs/2017/8009.html
Translation,Masters Degree (Coursework),8203,Faculty of Arts&Social Science,http://legacy.handbook.unsw.edu.au/postgraduate/programs/2017/8203.html
Translation & Interpreting,Masters Degree (Coursework),8204,Faculty of Arts&Social Science,http://legacy.handbook.unsw.edu.au/postgraduate/programs/2017/8204.html
University Learning & Teaching,Graduate Certificate,7375,Faculty of Arts&Social Science,http://legacy.handbook.unsw.edu.au/postgraduate/programs/2017/7375.html
Urban Develop & Design (Extension),Masters Degree (Coursework),8141,Faculty of Built Environment,http://legacy.handbook.unsw.edu.au/postgraduate/programs/2017/8141.html
Urban Development and Design,Masters Degree (Coursework),8131,Faculty of Built Environment,http://legacy.handbook.unsw.edu.au/postgraduate/programs/2017/8131.html
Urban Policy and Strategy,Graduate Certificate,7313,Faculty of Built Environment,http://legacy.handbook.unsw.edu.au/postgraduate/programs/2017/7313.html
Urban Policy and Strategy,Masters Degree (Coursework),8313,Faculty of Built Environment,http://legacy.handbook.unsw.edu.au/postgraduate/programs/2017/8313.html
Urban Policy and Strategy,Graduate Diploma,5313,Faculty of Built Environment,http://legacy.handbook.unsw.edu.au/postgraduate/programs/2017/5313.html
Urban Renewal and Housing,Masters Degree (Coursework),8149,Faculty of Built Environment,http://legacy.handbook.unsw.edu.au/postgraduate/programs/2017/8149.html
Urban Renewal and Housing,Graduate Certificate,7149,Faculty of Built Environment,http://legacy.handbook.unsw.edu.au/postgraduate/programs/2017/7149.html
Urban Renewal and Housing,Graduate Diploma,5149,Faculty of Built Environment,http://legacy.handbook.unsw.edu.au/postgraduate/programs/2017/5149.html
War Studies,Masters Degree (Coursework),8571,UNSW Canberra at ADFA,http://legacy.handbook.unsw.edu.au/postgraduate/programs/2017/8571.html
Women's Health Medicine,Masters Degree (Coursework),9014,Faculty of Medicine,http://legacy.handbook.unsw.edu.au/postgraduate/programs/2017/9014.html
Women's Health Medicine,Graduate Certificate,7014,Faculty of Medicine,http://legacy.handbook.unsw.edu.au/postgraduate/programs/2017/7014.html
